{"error": false, "size": [1920, 1080], "name": "Gura", "version": "1.0", "location": {"label": {"splashscreen": ["game/script.rpy", 6], "start": ["game/script.rpy", 26], "game": ["game/script.rpy", 31], "one": ["game/script.rpy", 45], "two": ["game/script.rpy", 51], "essay": ["game/script.rpy", 55]}, "define": {"gui.system_font": ["game/tl/None/common.rpym", 1272], "gui.accent_color": ["game/gui.rpy", 26], "gui.idle_color": ["game/gui.rpy", 29], "gui.idle_small_color": ["game/gui.rpy", 32], "gui.hover_color": ["game/gui.rpy", 35], "gui.selected_color": ["game/gui.rpy", 39], "gui.insensitive_color": ["game/gui.rpy", 42], "gui.muted_color": ["game/gui.rpy", 46], "gui.hover_muted_color": ["game/gui.rpy", 47], "gui.text_color": ["game/gui.rpy", 50], "gui.interface_text_color": ["game/gui.rpy", 51], "gui.text_font": ["game/gui.rpy", 57], "gui.name_text_font": ["game/gui.rpy", 60], "gui.interface_text_font": ["game/gui.rpy", 63], "gui.text_size": ["game/gui.rpy", 66], "gui.name_text_size": ["game/gui.rpy", 69], "gui.interface_text_size": ["game/gui.rpy", 72], "gui.label_text_size": ["game/gui.rpy", 75], "gui.notify_text_size": ["game/gui.rpy", 78], "gui.title_text_size": ["game/gui.rpy", 81], "gui.main_menu_background": ["game/gui.rpy", 87], "gui.game_menu_background": ["game/gui.rpy", 88], "gui.textbox_height": ["game/gui.rpy", 96], "gui.textbox_yalign": ["game/gui.rpy", 99], "gui.name_xpos": ["game/gui.rpy", 104], "gui.name_ypos": ["game/gui.rpy", 105], "gui.name_xalign": ["game/gui.rpy", 108], "gui.namebox_width": ["game/gui.rpy", 111], "gui.namebox_height": ["game/gui.rpy", 112], "gui.namebox_borders": ["game/gui.rpy", 115], "gui.namebox_tile": ["game/gui.rpy", 118], "gui.dialogue_xpos": ["game/gui.rpy", 123], "gui.dialogue_ypos": ["game/gui.rpy", 124], "gui.dialogue_width": ["game/gui.rpy", 127], "gui.dialogue_text_xalign": ["game/gui.rpy", 130], "gui.button_width": ["game/gui.rpy", 138], "gui.button_height": ["game/gui.rpy", 139], "gui.button_borders": ["game/gui.rpy", 142], "gui.button_tile": ["game/gui.rpy", 145], "gui.button_text_font": ["game/gui.rpy", 148], "gui.button_text_size": ["game/gui.rpy", 151], "gui.button_text_idle_color": ["game/gui.rpy", 154], "gui.button_text_hover_color": ["game/gui.rpy", 155], "gui.button_text_selected_color": ["game/gui.rpy", 156], "gui.button_text_insensitive_color": ["game/gui.rpy", 157], "gui.button_text_xalign": ["game/gui.rpy", 161], "gui.radio_button_borders": ["game/gui.rpy", 169], "gui.check_button_borders": ["game/gui.rpy", 171], "gui.confirm_button_text_xalign": ["game/gui.rpy", 173], "gui.page_button_borders": ["game/gui.rpy", 175], "gui.quick_button_borders": ["game/gui.rpy", 177], "gui.quick_button_text_size": ["game/gui.rpy", 178], "gui.quick_button_text_idle_color": ["game/gui.rpy", 179], "gui.quick_button_text_selected_color": ["game/gui.rpy", 180], "gui.choice_button_width": ["game/gui.rpy", 192], "gui.choice_button_height": ["game/gui.rpy", 193], "gui.choice_button_tile": ["game/gui.rpy", 194], "gui.choice_button_borders": ["game/gui.rpy", 195], "gui.choice_button_text_font": ["game/gui.rpy", 196], "gui.choice_button_text_size": ["game/gui.rpy", 197], "gui.choice_button_text_xalign": ["game/gui.rpy", 198], "gui.choice_button_text_idle_color": ["game/gui.rpy", 199], "gui.choice_button_text_hover_color": ["game/gui.rpy", 200], "gui.choice_button_text_insensitive_color": ["game/gui.rpy", 201], "gui.slot_button_width": ["game/gui.rpy", 210], "gui.slot_button_height": ["game/gui.rpy", 211], "gui.slot_button_borders": ["game/gui.rpy", 212], "gui.slot_button_text_size": ["game/gui.rpy", 213], "gui.slot_button_text_xalign": ["game/gui.rpy", 214], "gui.slot_button_text_idle_color": ["game/gui.rpy", 215], "gui.slot_button_text_selected_idle_color": ["game/gui.rpy", 216], "gui.slot_button_text_selected_hover_color": ["game/gui.rpy", 217], "config.thumbnail_width": ["game/gui.rpy", 220], "config.thumbnail_height": ["game/gui.rpy", 221], "gui.file_slot_cols": ["game/gui.rpy", 224], "gui.file_slot_rows": ["game/gui.rpy", 225], "gui.navigation_xpos": ["game/gui.rpy", 233], "gui.skip_ypos": ["game/gui.rpy", 236], "gui.notify_ypos": ["game/gui.rpy", 239], "gui.choice_spacing": ["game/gui.rpy", 242], "gui.navigation_spacing": ["game/gui.rpy", 245], "gui.pref_spacing": ["game/gui.rpy", 248], "gui.pref_button_spacing": ["game/gui.rpy", 251], "gui.page_spacing": ["game/gui.rpy", 254], "gui.slot_spacing": ["game/gui.rpy", 257], "gui.main_menu_text_xalign": ["game/gui.rpy", 260], "gui.frame_borders": ["game/gui.rpy", 268], "gui.confirm_frame_borders": ["game/gui.rpy", 271], "gui.skip_frame_borders": ["game/gui.rpy", 274], "gui.notify_frame_borders": ["game/gui.rpy", 277], "gui.frame_tile": ["game/gui.rpy", 280], "gui.bar_size": ["game/gui.rpy", 290], "gui.scrollbar_size": ["game/gui.rpy", 291], "gui.slider_size": ["game/gui.rpy", 292], "gui.bar_tile": ["game/gui.rpy", 295], "gui.scrollbar_tile": ["game/gui.rpy", 296], "gui.slider_tile": ["game/gui.rpy", 297], "gui.bar_borders": ["game/gui.rpy", 300], "gui.scrollbar_borders": ["game/gui.rpy", 301], "gui.slider_borders": ["game/gui.rpy", 302], "gui.vbar_borders": ["game/gui.rpy", 305], "gui.vscrollbar_borders": ["game/gui.rpy", 306], "gui.vslider_borders": ["game/gui.rpy", 307], "gui.unscrollable": ["game/gui.rpy", 310], "config.history_length": ["game/gui.rpy", 318], "gui.history_height": ["game/gui.rpy", 321], "gui.history_name_xpos": ["game/gui.rpy", 324], "gui.history_name_ypos": ["game/gui.rpy", 325], "gui.history_name_width": ["game/gui.rpy", 326], "gui.history_name_xalign": ["game/gui.rpy", 327], "gui.history_text_xpos": ["game/gui.rpy", 330], "gui.history_text_ypos": ["game/gui.rpy", 331], "gui.history_text_width": ["game/gui.rpy", 332], "gui.history_text_xalign": ["game/gui.rpy", 333], "gui.nvl_borders": ["game/gui.rpy", 341], "gui.nvl_list_length": ["game/gui.rpy", 345], "gui.nvl_height": ["game/gui.rpy", 348], "gui.nvl_spacing": ["game/gui.rpy", 352], "gui.nvl_name_xpos": ["game/gui.rpy", 355], "gui.nvl_name_ypos": ["game/gui.rpy", 356], "gui.nvl_name_width": ["game/gui.rpy", 357], "gui.nvl_name_xalign": ["game/gui.rpy", 358], "gui.nvl_text_xpos": ["game/gui.rpy", 361], "gui.nvl_text_ypos": ["game/gui.rpy", 362], "gui.nvl_text_width": ["game/gui.rpy", 363], "gui.nvl_text_xalign": ["game/gui.rpy", 364], "gui.nvl_thought_xpos": ["game/gui.rpy", 367], "gui.nvl_thought_ypos": ["game/gui.rpy", 368], "gui.nvl_thought_width": ["game/gui.rpy", 369], "gui.nvl_thought_xalign": ["game/gui.rpy", 370], "gui.nvl_button_xpos": ["game/gui.rpy", 373], "gui.nvl_button_xalign": ["game/gui.rpy", 374], "gui.language": ["game/gui.rpy", 381], "quick_menu": ["game/screens.rpy", 259], "gui.history_allow_tags": ["game/screens.rpy", 895], "config.nvl_list_length": ["game/screens.rpy", 1317], "config.name": ["game/options.rpy", 14], "gui.show_name": ["game/options.rpy", 19], "config.version": ["game/options.rpy", 24], "gui.about": ["game/options.rpy", 30], "build.name": ["game/options.rpy", 37], "config.has_sound": ["game/options.rpy", 45], "config.has_music": ["game/options.rpy", 46], "config.has_voice": ["game/options.rpy", 47], "config.enter_transition": ["game/options.rpy", 70], "config.exit_transition": ["game/options.rpy", 71], "config.intra_transition": ["game/options.rpy", 76], "config.after_load_transition": ["game/options.rpy", 81], "config.end_game_transition": ["game/options.rpy", 86], "config.window": ["game/options.rpy", 102], "config.save_directory": ["game/options.rpy", 135], "config.window_icon": ["game/options.rpy", 142], "g": ["game/script.rpy", 1], "m": ["game/script.rpy", 2], "w": ["game/script.rpy", 3], "menuset": ["game/script.rpy", 5]}, "screen": {"say": ["game/screens.rpy", 95], "input": ["game/screens.rpy", 170], "choice": ["game/screens.rpy", 202], "quick_menu": ["game/screens.rpy", 1386], "navigation": ["game/screens.rpy", 279], "main_menu": ["game/screens.rpy", 341], "game_menu": ["game/screens.rpy", 404], "about": ["game/screens.rpy", 530], "save": ["game/screens.rpy", 569], "load": ["game/screens.rpy", 576], "file_slots": ["game/screens.rpy", 583], "preferences": ["game/screens.rpy", 696], "history": ["game/screens.rpy", 855], "help": ["game/screens.rpy", 942], "keyboard_help": ["game/screens.rpy", 971], "mouse_help": ["game/screens.rpy", 1022], "gamepad_help": ["game/screens.rpy", 1045], "confirm": ["game/screens.rpy", 1110], "skip_indicator": ["game/screens.rpy", 1172], "notify": ["game/screens.rpy", 1226], "nvl": ["game/screens.rpy", 1265], "nvl_dialogue": ["game/screens.rpy", 1297]}, "transform": {"delayed_blink": ["game/screens.rpy", 1190], "notify_appear": ["game/screens.rpy", 1237]}, "callable": {"touch": ["game/gui.rpy", 391], "small": ["game/gui.rpy", 397]}}, "build": {"directory_name": "Gura-1.0", "executable_name": "Gura", "include_update": false, "packages": [{"name": "pc", "formats": ["zip"], "file_lists": ["windows", "linux", "renpy", "all"], "description": "PC: Windows and Linux", "update": true, "dlc": false, "hidden": false}, {"name": "linux", "formats": ["tar.bz2"], "file_lists": ["linux", "linux_arm", "renpy", "all"], "description": "Linux", "update": true, "dlc": false, "hidden": false}, {"name": "mac", "formats": ["app-zip", "app-dmg"], "file_lists": ["mac", "renpy", "all"], "description": "Macintosh", "update": true, "dlc": false, "hidden": false}, {"name": "win", "formats": ["zip"], "file_lists": ["windows", "renpy", "all"], "description": "Windows", "update": true, "dlc": false, "hidden": false}, {"name": "market", "formats": ["bare-zip"], "file_lists": ["windows", "linux", "mac", "renpy", "all"], "description": "Windows, Mac, Linux for Markets", "update": true, "dlc": false, "hidden": false}, {"name": "steam", "formats": ["zip"], "file_lists": ["windows", "linux", "mac", "renpy", "all"], "description": "steam", "update": true, "dlc": false, "hidden": true}, {"name": "android", "formats": ["directory"], "file_lists": ["android", "all"], "description": "android", "update": false, "dlc": true, "hidden": true}, {"name": "ios", "formats": ["directory"], "file_lists": ["ios", "all"], "description": "ios", "update": false, "dlc": true, "hidden": true}, {"name": "web", "formats": ["zip"], "file_lists": ["web", "all"], "description": "web", "update": false, "dlc": true, "hidden": true}], "archives": [["archive", ["all"]]], "documentation_patterns": ["*.html", "*.txt"], "base_patterns": [["*.py", null], ["*.sh", null], ["*.app/", null], ["*.dll", null], ["*.manifest", null], ["lib/", null], ["renpy/", null], ["update/", null], ["common/", null], ["update/", null], ["old-game/", null], ["icon.ico", null], ["icon.icns", null], ["project.json", null], ["log.txt", null], ["errors.txt", null], ["traceback.txt", null], ["image_cache.txt", null], ["text_overflow.txt", null], ["dialogue.txt", null], ["dialogue.tab", null], ["profile_screen.txt", null], ["files.txt", null], ["memory.txt", null], ["tmp/", null], ["game/saves/", null], ["game/bytecode.rpyb", null], ["archived/", null], ["launcherinfo.py", null], ["android.txt", null], ["game/presplash*.*", ["all"]], [".android.json", ["android"]], ["android-*.png", ["android"]], ["android-*.jpg", ["android"]], ["ouya_icon.png", null], ["ios-presplash.*", ["ios"]], ["ios-launchimage.png", null], ["ios-icon.png", null], ["web-presplash.png", ["web"]], ["web-presplash.jpg", ["web"]], ["web-presplash.webp", ["web"]], ["progressive_download.txt", ["web"]], ["steam_appid.txt", null], ["**~", null], ["**.bak", null], ["**/.**", null], ["**/#**", null], ["**/thumbs.db", null], ["**.saves", null], ["**.rpy", null], ["**.images", null], ["game/**.png", ["archive"]], ["game/**.jpg", ["archive"]], ["game/**.ico", ["archive"]], ["game/**.rpyc", ["archive"]], ["game/**.mp3", ["archive"]], ["game/**.ogg", ["archive"]], ["game/**.wav", ["archive"]], ["game/**.avi", ["archive"]], ["game/**.ttf", ["archive"]], [".*", null], ["**", ["all"]]], "renpy_patterns": [["renpy/common/_compat/**", null], ["renpy/common/_roundrect/**", null], ["renpy/common/_outline/**", null], ["renpy/common/_theme**", null], ["lib/**/_ssl.*", null], ["renpy/**__pycache__/**.cpython-39.pyc", ["all"]], ["renpy/**__pycache__", ["all"]], ["**~", null], ["**/#*", null], ["**/.*", null], ["**.old", null], ["**.new", null], ["**.rpa", null], ["**/steam_appid.txt", null], ["renpy.py", ["all"]], ["renpy/", ["all"]], ["renpy/**.py", ["renpy"]], ["renpy/**.pxd", null], ["renpy/**.pxi", null], ["renpy/**.pyx", null], ["renpy/**.pyc", null], ["renpy/**.pyo", null], ["renpy/common/", ["all"]], ["renpy/common/_compat/**", ["renpy"]], ["renpy/common/**.rpy", ["renpy"]], ["renpy/common/**.rpym", ["renpy"]], ["renpy/common/_compat/**", ["renpy"]], ["renpy/common/**", ["all"]], ["renpy/**", ["all"]], ["lib/*/renpy", null], ["lib/*/renpy.exe", null], ["lib/*/pythonw.exe", null], ["lib/py2-*/", null], ["lib/py*-windows-i686/**", ["windows_i686"]], ["lib/py*-windows-x86_64/**", ["windows"]], ["lib/py*-linux-i686/**", ["linux_i686"]], ["lib/py*-linux-aarch64/**", ["linux_arm"]], ["lib/py*-linux-armv7l/**", ["linux_arm"]], ["lib/py*-linux-*/**", ["linux"]], ["lib/py*-mac-*/**", ["mac"]], ["lib/python2.*/**", null], ["lib/**", ["windows", "linux", "mac", "android", "ios"]], ["renpy.sh", ["linux", "mac"]]], "xbit_patterns": ["**.sh", "lib/py*-linux-*/*", "lib/py*-mac-*/*", "**.app/Contents/MacOS/*"], "version": "1.0", "display_name": "Gura", "exclude_empty_directories": true, "allow_integrated_gpu": true, "renpy": false, "script_version": true, "destination": "Gura-1.0-dists", "mac_info_plist": {}, "merge": [["linux_i686", "linux"], ["windows_i686", "windows"]], "include_i686": true, "change_icon_i686": true, "android_permissions": [], "_sdk_fonts": false}}